USE UCC;


INSERT INTO CURSO(COD_CURSO, NOMBRE_CURSO, HORA_INICIO, HORA_FIN) VALUES ('20', 'Matematicas Especiales', '7:00','10:00');
INSERT INTO CURSO(COD_CURSO, NOMBRE_CURSO, HORA_INICIO, HORA_FIN) VALUES ('30', 'Calculo Diferencial', '12:00','13:30');
INSERT INTO CURSO(COD_CURSO, NOMBRE_CURSO, HORA_INICIO, HORA_FIN) VALUES ('40', 'Estadistica Inferencial', '10:00','12:00');

INSERT INTO CURSO(COD_CURSO, NOMBRE_CURSO, HORA_INICIO, HORA_FIN) VALUES ('90', 'Introduccion a la geologia marina', '10:00','12:00');
INSERT INTO CURSO(COD_CURSO, NOMBRE_CURSO, HORA_INICIO, HORA_FIN) VALUES ('80', 'Estadistica general y bioestadistica', '10:00','12:00');
INSERT INTO CURSO(COD_CURSO, NOMBRE_CURSO, HORA_INICIO, HORA_FIN) VALUES ('70', 'Fisica General', '10:00','12:00');

INSERT INTO ESTUDIANTE(CC_ESTUDIANTE, NOMBRE) VALUES ('300', 'Pablo Langosta');
INSERT INTO ESTUDIANTE(CC_ESTUDIANTE, NOMBRE) VALUES ('410', 'Juan Alberto');
INSERT INTO ESTUDIANTE(CC_ESTUDIANTE, NOMBRE) VALUES ('420', 'Lars Cameron');
INSERT INTO ESTUDIANTE(CC_ESTUDIANTE, NOMBRE) VALUES ('430', 'Kujo Jotaro');

INSERT INTO ESTUDIANTE(CC_ESTUDIANTE, NOMBRE) VALUES ('510', 'Jose Villanueva');
INSERT INTO ESTUDIANTE(CC_ESTUDIANTE, NOMBRE) VALUES ('520', 'Alberto Villavieja');
INSERT INTO ESTUDIANTE(CC_ESTUDIANTE, NOMBRE) VALUES ('530', 'Indalecio Hetfield');
INSERT INTO ESTUDIANTE(CC_ESTUDIANTE, NOMBRE) VALUES ('540', 'Ruben Garcia');
INSERT INTO ESTUDIANTE(CC_ESTUDIANTE, NOMBRE) VALUES ('550', 'Rocio Veracruz');


INSERT INTO ESTUDIANTE(CC_ESTUDIANTE, NOMBRE) VALUES ('310', 'Ivan Manrique');
INSERT INTO ESTUDIANTE(CC_ESTUDIANTE, NOMBRE) VALUES ('323', 'Raul Garcia');
INSERT INTO ESTUDIANTE(CC_ESTUDIANTE, NOMBRE) VALUES ('335', 'Ana Acosta');

INSERT INTO ESTUDIANTE(CC_ESTUDIANTE, NOMBRE) VALUES ('456', 'Rosa m');
INSERT INTO ESTUDIANTE(CC_ESTUDIANTE, NOMBRE) VALUES ('450', 'Roberto Patin');
INSERT INTO ESTUDIANTE(CC_ESTUDIANTE, NOMBRE) VALUES ('356', 'Maria Esperanza de la Cruz');
INSERT INTO ESTUDIANTE(CC_ESTUDIANTE, NOMBRE) VALUES ('500', 'Pablo.');

INSERT INTO ESTUDIANTE(CC_ESTUDIANTE, NOMBRE) VALUES ('460', 'Gonzalo Gonzalez');
INSERT INTO ESTUDIANTE(CC_ESTUDIANTE, NOMBRE) VALUES ('440', 'Pablo Whitney');


INSERT INTO INSCRIPCION_CURSO(COD_CURSO, CC_ESTUDIANTE, NOTA) VALUES
('90','300',5), ('90','410',4.9), ('90','420',4.6), ('90','430',4.8),

('80','510',4.6), ('80','520',3.2), ('80','530',4.9), ('80','540',4.6), ('80','550',4.8),

('20','310',4), ('20','323',3.5), ('20','335',1),

('30','456',4.2), ('30','450',3), ('30','356',2.9), ('30','500',5),

('40','460',3.5), ('40','440',5);